F,Z11,Theta11,Z12,Theta12,Z13,Theta13,,Z21,Theta21,Z22,Theta22,Z23,Theta23,,Z31,Theta31,Z32,Theta32,Z33,Theta33,,Z41,Theta41,Z42,Theta42,Z43,Theta43,,Z51,Theta51,Z52,Theta52,Z53,Theta53,,Z61,Theta61,Z62,Theta62,Z63,Theta63,,Z71,Theta71,Z72,Theta72,Z73,Theta73,,Z81,Theta81,Z82,Theta82,Z83,Theta83,,Z91,Theta91,Z92,Theta92,Z93,Theta93
10000,1115000,-84.4,1184000,-84.1,1211000,-85.3,,1155000,-84.2,1244000,-85.3,1149000,-84.4,,1165000,-84.3,1143000,-84.6,1262000,-86.2,,1183000,-83.8,1227000,-85.9,1119000,-84.2,,1388000,-87,1167000,-85.2,1188000,-85.2,,987000,-78.9,1160000,-85,1014000,-79.7,,1073000,-78.8,987000,-81.4,1048000,-80.6,,1069000,-82.8,1023000,-82.4,1031000,-80.4,,1017000,-79.5,1084000,-83.9,1056000,-81.6
11220.18,1001000,-84.3,1172000,-86.2,1082000,-85.3,,1039000,-84.4,1115000,-85.5,1028000,-85.1,,1044000,-84.5,1027000,-85,1128000,-86.2,,1062000,-84.1,1100000,-85.9,1003000,-84.2,,1288000,-87.3,1044000,-85.6,1063000,-85.5,,890000,-79.4,1038000,-85.2,911000,-80.3,,965000,-79.4,889000,-81.8,939000,-81.1,,960000,-83,917000,-82.5,927000,-80.8,,916000,-80.1,973000,-84,947000,-82.1
12589.25,897000,-84.4,1049000,-86.4,970000,-85.5,,930000,-84.6,998000,-85.8,923000,-85.2,,935000,-84.6,919000,-85,1007000,-86.2,,950000,-84.4,982000,-86.2,900000,-84.5,,1153000,-87.6,934000,-85.7,952000,-85.5,,801000,-80,929000,-85.4,820000,-80.8,,869000,-80,799000,-82.1,847000,-81.4,,861000,-83.2,825000,-82.8,833000,-81.3,,824000,-80.5,873000,-84.2,853000,-82.3
14125.37,805000,-84.8,936000,-86.5,868000,-85.7,,834000,-84.8,893000,-85.9,827000,-85.5,,838000,-84.8,823000,-85.3,901000,-86.4,,851000,-84.5,880000,-86.4,807000,-84.5,,1028000,-87.7,835000,-85.8,852000,-85.7,,722000,-80.4,833000,-85.4,738000,-81.2,,782000,-80.6,717000,-82.4,760000,-81.9,,773000,-83.4,739000,-83,751000,-81.7,,742000,-81,784000,-84.4,765000,-82.8
15848.93,723000,-84.7,838000,-86.6,778000,-85.8,,747000,-84.9,799000,-86.2,739000,-85.5,,751000,-84.9,737000,-85.4,807000,-86.5,,763000,-84.8,787000,-86.5,724000,-84.8,,918000,-87.9,746000,-86,762000,-85.8,,649000,-80.8,746000,-85.7,663000,-81.5,,702000,-81.2,645000,-82.6,683000,-82.3,,693000,-83.7,664000,-83.3,674000,-81.9,,666000,-81.4,702000,-84.6,685000,-83
17782.79,647000,-84.9,749000,-86.6,697000,-85.9,,671000,-85.1,714000,-86.2,664000,-85.5,,672000,-85.2,660000,-85.5,721000,-86.4,,684000,-85,704000,-86.6,647000,-85,,819000,-88,669000,-86.1,683000,-86,,584000,-81.3,668000,-85.8,597000,-81.9,,631000,-81.6,580000,-82.8,614000,-82.5,,623000,-84,598000,-83.5,605000,-82.3,,599000,-81.9,629000,-84.8,617000,-83.3
19952.62,580000,-85,671000,-86.8,624000,-86.1,,600000,-85.2,640000,-86.4,594000,-85.7,,603000,-85.3,592000,-85.7,643000,-86.7,,613000,-85.1,630000,-86.6,581000,-85.1,,732000,-88.1,598000,-86.2,611000,-86.1,,526000,-81.6,598000,-85.8,536000,-82.3,,567000,-82.1,521000,-83.1,552000,-82.8,,558000,-84.2,536000,-83.7,544000,-82.6,,538000,-82.3,564000,-85.1,553000,-83.5
22387.21,520000,-85.2,600000,-86.8,559000,-86.2,,538000,-85.4,572000,-86.5,531000,-85.7,,540000,-85.5,530000,-85.8,576000,-86.8,,549000,-85.3,563000,-86.8,520000,-85.2,,654000,-88.2,537000,-86.4,547000,-86.3,,472000,-82,535000,-86,481000,-82.7,,509000,-82.5,468000,-83.4,495000,-83.2,,501000,-84.4,481000,-83.9,488000,-83,,483000,-82.6,505000,-85.1,496000,-83.8
25118.86,466000,-85.4,537000,-86.9,500000,-86.2,,481000,-85.5,512000,-86.6,476000,-85.9,,483000,-85.7,474000,-85.9,516000,-86.9,,492000,-85.5,504000,-86.9,466000,-85.4,,583000,-88.3,479000,-86.4,489000,-86.4,,425000,-82.4,479000,-86.1,432000,-82.9,,456000,-82.9,420000,-83.5,444000,-83.5,,449000,-84.5,432000,-84.1,438000,-83.3,,433000,-83,453000,-85.3,445000,-84.1
28183.82,417000,-85.4,480000,-87,448000,-86.4,,431000,-85.6,458000,-86.7,427000,-86,,433000,-85.8,425000,-86,461000,-87,,440000,-85.7,450000,-87,417000,-85.5,,521000,-88.3,429000,-86.5,438000,-86.4,,382000,-82.7,429000,-86.2,388000,-83.2,,410000,-83.3,377000,-83.8,398000,-83.7,,403000,-84.7,387000,-84.3,393000,-83.5,,389000,-83.3,405000,-85.5,399000,-84.3
31622.77,374000,-85.5,429000,-87.1,401000,-86.5,,386000,-85.7,410000,-86.8,382000,-86.1,,388000,-85.9,380000,-86.1,412000,-87,,394000,-85.7,403000,-87.1,374000,-85.6,,464000,-88.4,384000,-86.6,391000,-86.6,,343000,-83,384000,-86.3,348000,-83.5,,367000,-83.7,338000,-83.9,357000,-84,,361000,-84.8,348000,-84.4,353000,-83.8,,349000,-83.6,363000,-85.5,358000,-84.5
35481.33,335000,-85.6,384000,-87.1,359000,-86.6,,346000,-85.8,366000,-86.8,342000,-86.2,,347000,-86.1,340000,-86.2,369000,-87.1,,353000,-85.9,360000,-87.1,335000,-85.8,,415000,-88.5,343000,-86.7,350000,-86.6,,308000,-83.3,343000,-86.4,312000,-83.7,,329000,-84,304000,-84.1,320000,-84.3,,323000,-85,312000,-84.6,317000,-84,,313000,-83.8,325000,-85.7,321000,-84.7
39810.71,300000,-85.7,343000,-87.1,321000,-86.6,,310000,-85.9,328000,-86.9,306000,-86.3,,311000,-86.1,304000,-86.3,329000,-87.1,,316000,-86,322000,-87.1,300000,-85.8,,370000,-88.5,307000,-86.7,313000,-86.7,,276000,-83.5,307000,-86.4,280000,-83.9,,296000,-84.2,273000,-84.3,287000,-84.4,,290000,-85.1,280000,-84.7,284000,-84.2,,281000,-84,291000,-85.8,288000,-84.8
44668.35,269000,-85.8,306000,-87.2,288000,-86.7,,277000,-86,293000,-87,274000,-86.3,,278000,-86.3,272000,-86.4,294000,-87.2,,282000,-86.3,288000,-87.2,268000,-85.9,,330000,-88.6,275000,-86.8,280000,-86.8,,248000,-83.8,275000,-86.6,251000,-84.2,,265000,-84.5,245000,-84.5,257000,-84.7,,260000,-85.3,251000,-84.9,255000,-84.4,,252000,-84.3,261000,-85.9,258000,-85
50118.72,241000,-85.9,274000,-87.3,257000,-86.8,,248000,-86.1,262000,-87.1,245000,-86.5,,249000,-86.4,244000,-86.5,263000,-87.3,,253000,-86.3,257000,-87.3,240000,-86.1,,295000,-88.6,246000,-86.9,250000,-86.9,,222000,-84,246000,-86.7,225000,-84.4,,237000,-84.7,219000,-84.6,231000,-84.9,,233000,-85.4,225000,-85,229000,-84.6,,226000,-84.5,234000,-86,231000,-85.2
56234.13,215000,-86,245000,-87.3,230000,-86.9,,222000,-86.3,234000,-87.2,219000,-86.6,,223000,-86.5,218000,-86.6,235000,-87.4,,226000,-86.5,230000,-87.4,215000,-86.2,,263000,-88.7,220000,-87,224000,-87,,200000,-84.2,220000,-86.7,202000,-84.6,,213000,-85,197000,-84.8,207000,-85.1,,209000,-85.6,201000,-85.2,205000,-84.8,,202000,-84.7,209000,-86.1,207000,-85.3
63095.73,193000,-86.1,219000,-87.3,206000,-87,,199000,-86.4,209000,-87.2,196000,-86.6,,199000,-86.6,195000,-86.7,210000,-87.4,,202000,-86.6,206000,-87.4,192000,-86.3,,235000,-88.7,197000,-87,200000,-87,,179000,-84.5,196000,-86.8,181000,-84.7,,190000,-85.2,176000,-85,185000,-85.3,,187000,-85.7,181000,-85.3,184000,-85,,181000,-84.9,187000,-86.2,186000,-85.5
70794.57,173000,-86.2,195000,-87.4,184000,-87,,178000,-86.5,187000,-87.3,176000,-86.7,,178000,-86.7,175000,-86.8,188000,-87.5,,181000,-86.7,184000,-87.5,172000,-86.4,,209000,-88.8,176000,-87.1,179000,-87.1,,160000,-84.7,176000,-86.9,162000,-84.9,,170000,-85.4,158000,-85.1,166000,-85.4,,167000,-85.8,162000,-85.4,165000,-85.1,,162000,-85.1,168000,-86.3,166000,-85.6
79432.82,155000,-86.3,175000,-87.4,165000,-87.1,,159000,-86.5,167000,-87.3,157000,-86.8,,160000,-86.8,156000,-86.8,168000,-87.5,,162000,-86.8,164000,-87.5,154000,-86.5,,187000,-88.8,157000,-87.2,160000,-87.2,,144000,-84.8,157000,-86.9,146000,-85.1,,153000,-85.6,142000,-85.2,149000,-85.6,,150000,-85.9,145000,-85.5,147000,-85.3,,146000,-85.3,150000,-86.4,149000,-85.8
89125.09,138000,-86.4,156000,-87.5,147000,-87.2,,142000,-86.7,150000,-87.4,141000,-86.8,,143000,-86.9,140000,-86.9,150000,-87.6,,145000,-86.9,147000,-87.6,138000,-86.6,,167000,-88.8,141000,-87.2,143000,-87.3,,129000,-85.1,140000,-87,131000,-85.3,,137000,-85.8,127000,-85.4,133000,-85.7,,134000,-86,130000,-85.7,132000,-85.5,,130000,-85.5,134000,-86.5,133000,-85.9
100000,124000,-86.5,139000,-87.6,132000,-87.3,,127000,-86.7,134000,-87.5,126000,-87,,128000,-87,125000,-87,134000,-87.7,,130000,-87.1,131000,-87.7,123000,-86.7,,149000,-88.9,126000,-87.3,128000,-87.3,,116000,-85.2,126000,-87.1,117000,-85.5,,122000,-86,114000,-85.5,119000,-85.9,,120000,-86.2,116000,-85.8,118000,-85.6,,117000,-85.7,120000,-86.6,119000,-86
112201.8,111000,-86.6,125000,-87.6,118000,-87.4,,114000,-86.8,120000,-87.6,113000,-87,,114000,-87.1,112000,-87.1,120000,-87.7,,116000,-87.2,117000,-87.7,110000,-86.7,,133000,-88.9,112000,-87.4,114000,-87.4,,103400,-85.38,112000,-87.2,104620,-85.6,,109300,-86.13,101850,-85.67,106650,-86.03,,107480,-86.27,104120,-85.92,105880,-85.77,,104420,-85.8,107340,-86.69,106730,-86.17
125892.5,99060,-86.65,111000,-87.6,105200,-87.41,,101720,-86.92,106780,-87.63,100560,-87.1,,101950,-87.14,99830,-87.13,107070,-87.74,,103380,-87.29,104680,-87.76,98610,-86.83,,119000,-88.9,100370,-87.42,102170,-87.46,,92640,-85.54,100500,-87.24,93710,-85.74,,97790,-86.29,91230,-85.78,95440,-86.16,,96220,-86.36,93260,-86.02,94800,-85.91,,93490,-85.92,96040,-86.77,95530,-86.28
141253.7,88730,-86.62,99370,-87.75,94010,-87.43,,90950,-87.09,95310,-87.8,90000,-87.17,,91200,-87.1,89320,-87.16,95740,-87.6,,92440,-87.26,93610,-87.73,88190,-86.95,,105620,-89.02,89750,-87.35,91380,-87.59,,82970,-85.74,89840,-87.29,83880,-85.9,,87530,-86.27,81650,-85.97,85370,-86.43,,86060,-86.47,83440,-86.24,84900,-86.07,,83710,-86.07,86010,-86.77,85520,-86.44
158489.3,79320,-86.8,88820,-87.72,84060,-87.51,,81360,-87.05,85280,-87.71,80430,-87.22,,81530,-87.27,79830,-87.26,85520,-87.84,,82560,-87.47,83580,-87.84,78900,-86.97,,94330,-88.95,80230,-87.52,81670,-87.56,,74310,-85.84,80370,-87.36,75140,-86,,78260,-86.55,73170,-86,76460,-86.39,,77090,-86.55,74770,-86.23,76000,-86.15,,74910,-86.17,76890,-86.92,76540,-86.48
177827.9,70950,-86.85,79340,-87.76,75130,-87.56,,72750,-87.12,76210,-87.76,71920,-87.29,,72880,-87.36,71370,-87.32,76390,-87.88,,73760,-87.53,74660,-87.89,70550,-87.04,,84190,-89,71690,-87.58,72980,-87.62,,66530,-85.97,71830,-87.41,67260,-86.1,,70000,-86.67,65510,-86.1,68420,-86.51,,68970,-86.63,66910,-86.32,68020,-86.27,,67050,-86.28,68760,-86.98,68480,-86.57
199526.2,63420,-87.03,70800,-87.72,67090,-87.72,,65090,-87.17,68110,-87.74,64300,-87.3,,65150,-87.43,63830,-87.4,68280,-87.95,,65880,-87.68,66710,-87.95,63070,-87.13,,75100,-89,64080,-87.63,65270,-87.7,,59550,-86.09,64240,-87.52,60200,-86.24,,62590,-86.79,58600,-86.19,61300,-86.6,,61700,-86.72,59930,-86.45,60870,-86.37,,59950,-86.43,61490,-87.07,61270,-86.65
223872.1,56770,-87,63360,-87.86,59990,-87.64,,58160,-87.26,60880,-87.85,57500,-87.4,,58260,-87.48,57050,-87.42,60980,-87.96,,58890,-87.69,59630,-87.94,56430,-87.16,,67010,-89.01,57280,-87.66,58310,-87.71,,53310,-86.22,57410,-87.53,53910,-86.34,,56010,-86.89,52510,-86.29,54760,-86.69,,55220,-86.79,53610,-86.5,54490,-86.47,,53690,-86.49,55010,-87.11,54830,-86.74
251188.6,50780,-87.08,56630,-87.89,53630,-87.72,,52010,-87.32,54400,-87.89,51410,-87.45,,52070,-87.54,51000,-87.47,54500,-87.98,,52610,-87.77,53270,-87.99,50460,-87.23,,59830,-89.02,51200,-87.7,52110,-87.76,,47720,-86.33,51310,-87.58,48240,-86.44,,50080,-86.98,47000,-86.38,48990,-86.79,,49410,-86.88,47980,-86.58,48760,-86.56,,48050,-86.6,49190,-87.18,49050,-86.83
281838.2,45410,-87.14,50590,-87.93,47920,-87.74,,46490,-87.38,48600,-87.93,45960,-87.5,,46540,-87.6,45590,-87.53,48690,-88.03,,46990,-87.83,47600,-88.02,45110,-87.29,,53390,-89.04,45770,-87.75,46570,-87.81,,42700,-86.44,45870,-87.64,43170,-86.55,,44780,-87.08,42070,-86.47,43830,-86.88,,44210,-86.95,42940,-86.66,43630,-86.67,,42990,-86.7,44010,-87.24,43880,-86.92
316227.7,40610,-87.19,45210,-87.97,42820,-87.79,,41570,-87.43,43420,-87.98,41090,-87.55,,41600,-87.65,40750,-87.58,43490,-88.05,,41980,-87.89,42530,-88.06,40340,-87.36,,47630,-89.06,40900,-87.79,41610,-87.85,,38220,-86.56,41000,-87.69,38630,-86.65,,40040,-87.17,37650,-86.55,39200,-86.96,,39540,-87.04,38430,-86.73,39030,-86.74,,38450,-86.79,39350,-87.3,39250,-86.99
354813.3,36320,-87.26,40400,-88.01,38260,-87.84,,37150,-87.5,38800,-88.02,36730,-87.61,,37180,-87.7,36420,-87.63,38850,-88.09,,37500,-87.94,37990,-88.1,36060,-87.42,,42500,-89.08,36540,-87.84,37190,-87.89,,34190,-86.66,36640,-87.74,34560,-86.74,,35800,-87.27,33700,-86.62,35060,-87.04,,35370,-87.1,34380,-86.81,34920,-86.84,,34400,-86.88,35180,-87.36,35110,-87.08
398107.1,32480,-87.32,36090,-88.06,34180,-87.89,,33210,-87.56,34670,-88.07,32830,-87.66,,33230,-87.76,32550,-87.68,34710,-88.14,,33490,-88,33940,-88.14,32240,-87.48,,37930,-89.1,32660,-87.88,33220,-87.95,,30590,-86.75,32740,-87.79,30920,-86.83,,32000,-87.34,30160,-86.71,31350,-87.12,,31640,-87.17,30760,-86.89,31240,-86.93,,30770,-86.97,31460,-87.43,31400,-87.16
446683.5,29030,-87.37,32250,-88.1,30540,-87.93,,29680,-87.61,30970,-88.1,29350,-87.71,,29700,-87.8,29100,-87.72,31010,-88.17,,29920,-88.04,30320,-88.16,28830,-87.53,,33850,-89.1,29190,-87.92,29690,-87.98,,27370,-86.84,29260,-87.83,27660,-86.91,,28620,-87.41,26980,-86.78,28040,-87.18,,28300,-87.24,27520,-86.95,27940,-87,,27520,-87.05,28120,-87.48,28080,-87.22
501187.2,25960,-87.42,28820,-88.13,27290,-87.97,,26540,-87.66,27680,-88.13,26230,-87.75,,26550,-87.84,26010,-87.76,27710,-88.22,,26720,-88.08,27090,-88.21,25770,-87.57,,30210,-89.12,26080,-87.95,26530,-88.02,,24490,-86.92,26160,-87.87,24750,-86.98,,25580,-87.48,24150,-86.84,25080,-87.25,,25310,-87.29,24620,-87,25000,-87.07,,24610,-87.12,25150,-87.53,25110,-87.28
562341.3,23210,-87.46,25750,-88.16,24390,-88.01,,23720,-87.71,24730,-88.16,23450,-87.79,,23730,-87.88,23250,-87.8,24760,-88.25,,23870,-88.1,24210,-88.24,23040,-87.62,,26960,-89.14,23310,-87.98,23710,-88.04,,21910,-86.99,23370,-87.91,22140,-87.05,,22870,-87.54,21610,-86.9,22430,-87.31,,22640,-87.34,22030,-87.06,22360,-87.13,,22020,-87.19,22490,-87.58,22460,-87.34
630957.3,20760,-87.51,23020,-88.21,21790,-88.04,,21200,-87.75,22100,-88.21,20960,-87.82,,21210,-87.92,20780,-87.83,22120,-88.27,,21330,-88.13,21630,-88.26,20600,-87.66,,24060,-89.15,20840,-88.01,21190,-88.08,,19600,-87.06,20890,-87.95,19810,-87.12,,20450,-87.6,19340,-86.96,20060,-87.36,,20250,-87.4,19710,-87.12,20000,-87.2,,19690,-87.25,20110,-87.62,20090,-87.4
707945.7,18560,-87.55,20570,-88.25,19470,-88.07,,18960,-87.78,19750,-88.24,18740,-87.86,,18960,-87.96,18580,-87.87,19770,-88.3,,19060,-88.16,19330,-88.29,18420,-87.7,,21480,-89.16,18620,-88.04,18940,-88.11,,17530,-87.13,18670,-87.98,17720,-87.19,,18280,-87.66,17300,-87.02,17940,-87.42,,18110,-87.45,17630,-87.17,17890,-87.26,,17610,-87.32,17980,-87.66,17970,-87.46
794328.2,16600,-87.59,18380,-88.27,17400,-88.1,,16950,-87.83,17650,-88.27,16750,-87.9,,16950,-87.99,16610,-87.9,17660,-88.33,,17030,-88.18,17270,-88.31,16470,-87.75,,19180,-89.17,16640,-88.07,16920,-88.14,,15690,-87.2,16690,-88.02,15850,-87.25,,16340,-87.71,15480,-87.07,16050,-87.47,,16200,-87.5,15770,-87.22,16010,-87.31,,15760,-87.38,16070,-87.71,16070,-87.51
891250.9,14850,-87.63,16430,-88.31,15550,-88.12,,15150,-87.87,15770,-88.3,14980,-87.92,,15150,-88.02,14850,-87.93,15790,-88.35,,15220,-88.22,15440,-88.34,14730,-87.78,,17120,-89.18,14880,-88.1,15130,-88.16,,14040,-87.26,14920,-88.05,14180,-87.31,,14620,-87.76,13860,-87.12,14360,-87.51,,14500,-87.54,14120,-87.27,14320,-87.36,,14090,-87.43,14380,-87.75,14370,-87.56
1000000,13290,-87.66,14690,-88.33,13910,-88.15,,13550,-87.9,14100,-88.32,13400,-87.95,,13550,-88.05,13280,-87.96,14110,-88.38,,13600,-88.23,13800,-88.35,13170,-87.81,,15290,-89.2,13310,-88.12,13530,-88.18,,12560,-87.3,13340,-88.08,12700,-87.36,,13070,-87.79,12400,-87.16,12840,-87.55,,12970,-87.59,12640,-87.31,12820,-87.41,,12610,-87.48,12860,-87.79,12860,-87.6
1122018,11880,-87.68,13130,-88.34,12430,-88.16,,12120,-87.92,12610,-88.33,11980,-87.97,,12120,-88.07,11880,-87.97,12610,-88.38,,12160,-88.23,12340,-88.35,11780,-87.83,,13660,-89.2,11900,-88.13,12090,-88.22,,11240,-87.34,11930,-88.1,11360,-87.39,,11690,-87.82,11100,-87.19,11490,-87.57,,11610,-87.61,11310,-87.33,11470,-87.44,,11280,-87.51,11500,-87.8,11510,-87.62
1258925,10609,-87.67,11750,-88.36,11120,-88.17,,10819,-87.91,11280,-88.34,10697,-87.95,,10813,-88.06,10602,-87.96,11280,-88.38,,10849,-88.17,11040,-88.36,10519,-87.82,,12210,-89.19,10619,-88.1,10793,-88.17,,10044,-87.34,10650,-88.07,10148,-87.39,,10439,-87.82,9921,-87.18,10263,-87.57,,10364,-87.6,10103,-87.33,10244,-87.44,,10081,-87.49,10274,-87.78,10277,-87.6
1412537,9504,-87.69,10490,-88.34,9930,-88.14,,9688,-87.93,10070,-88.32,9580,-87.96,,9682,-88.07,9495,-87.97,10074,-88.37,,9713,-88.17,9853,-88.34,9421,-87.84,,10887,-89.16,9508,-88.11,9663,-88.21,,9001,-87.37,9538,-88.08,9094,-87.42,,9349,-87.84,8892,-87.2,9195,-87.59,,9286,-87.63,9053,-87.35,9178,-87.46,,9032,-87.53,9202,-87.8,9208,-87.64
1584893,8518,-87.71,9397,-88.36,8896,-88.15,,8680,-87.94,9020,-88.34,8582,-87.97,,8673,-88.09,8507,-87.98,9024,-88.38,,8700,-88.17,8826,-88.35,8442,-87.86,,9742,-89.16,8518,-88.13,8655,-88.21,,8070,-87.4,8545,-88.1,8153,-87.45,,8376,-87.86,7975,-87.23,8241,-87.61,,8324,-87.65,8117,-87.37,8229,-87.49,,8096,-87.55,8247,-87.82,8254,-87.66
1778279,7640,-87.73,8423,-88.38,7975,-88.16,,7782,-87.97,8085,-88.35,7695,-87.99,,7776,-88.1,7627,-88,8087,-88.4,,7798,-88.17,7910,-88.36,7570,-87.88,,8723,-89.17,7636,-88.15,7758,-88.23,,7239,-87.44,7660,-88.12,7313,-87.5,,7510,-87.9,7156,-87.25,7392,-87.63,,7465,-87.68,7282,-87.4,7381,-87.52,,7262,-87.58,7395,-87.84,7402,-87.69
1995262,6855,-87.73,7555,-88.39,7153,-88.16,,6982,-87.98,7251,-88.36,6903,-88,,6975,-88.11,6844,-88.01,7252,-88.4,,6995,-88.15,7095,-88.36,6793,-87.89,,7817,-89.17,6851,-88.15,6961,-88.23,,6501,-87.46,6872,-88.12,6567,-87.52,,6740,-87.91,6426,-87.26,6636,-87.64,,6703,-87.69,6539,-87.41,6626,-87.54,,6519,-87.61,6637,-87.85,6646,-87.71
2238721,6161,-87.75,6786,-88.4,6426,-88.17,,6272,-88,6513,-88.37,6203,-88.01,,6267,-88.12,6148,-88.02,6514,-88.41,,6284,-88.15,6372,-88.37,6103,-87.91,,7015,-89.18,6154,-88.16,6253,-88.24,,5843,-87.49,6173,-88.14,5903,-87.54,,6056,-87.93,5778,-87.28,5964,-87.66,,6023,-87.72,5879,-87.43,5957,-87.55,,5859,-87.64,5964,-87.87,5972,-87.74
2511886,5544,-87.77,6103,-88.43,5780,-88.19,,5643,-88.02,5858,-88.39,5581,-88.02,,5638,-88.14,5532,-88.04,5859,-88.43,,5652,-88.15,5731,-88.39,5491,-87.93,,6304,-89.2,5536,-88.18,5624,-88.26,,5260,-87.52,5553,-88.16,5314,-87.58,,5449,-87.95,5203,-87.3,5368,-87.69,,5421,-87.74,5293,-87.45,5361,-87.58,,5274,-87.67,5367,-87.9,5375,-87.76
2818382,4999,-87.78,5500,-88.45,5209,-88.22,,5086,-88.04,5278,-88.41,5030,-88.03,,5081,-88.16,4986,-88.05,5278,-88.44,,5094,-88.15,5164,-88.39,4950,-87.95,,5675,-89.22,4989,-88.22,5068,-88.28,,4744,-87.55,5005,-88.18,4792,-87.61,,4911,-87.98,4694,-87.32,4841,-87.71,,4888,-87.77,4774,-87.47,4835,-87.6,,4755,-87.69,4838,-87.93,4846,-87.8
3162277,4517,-87.8,4968,-88.48,4706,-88.23,,4595,-88.06,4767,-88.43,4544,-88.06,,4590,-88.18,4505,-88.07,4767,-88.46,,4602,-88.16,4664,-88.41,4473,-87.97,,5121,-89.25,4507,-88.24,4578,-88.3,,4288,-87.58,4522,-88.22,4332,-87.65,,4438,-88,4245,-87.34,4375,-87.73,,4418,-87.8,4316,-87.49,4371,-87.63,,4298,-87.72,4372,-87.95,4380,-87.83
3548133,4095,-87.82,4501,-88.51,4265,-88.26,,4164,-88.09,4319,-88.46,4118,-88.08,,4159,-88.22,4082,-88.1,4318,-88.49,,4169,-88.17,4225,-88.44,4053,-88,,4635,-89.29,4083,-88.27,4148,-88.33,,3888,-87.62,4096,-88.26,3927,-87.68,,4022,-88.04,3850,-87.37,3966,-87.76,,4005,-87.83,3914,-87.52,3962,-87.66,,3896,-87.76,3962,-87.99,3970,-87.88
3981071,3723,-87.87,4090,-88.57,3877,-88.3,,3785,-88.14,3925,-88.51,3744,-88.12,,3781,-88.27,3712,-88.14,3924,-88.56,,3791,-88.18,3841,-88.47,3686,-88.04,,4209,-89.33,3713,-88.3,3771,-88.36,,3538,-87.66,3725,-88.29,3573,-87.73,,3657,-88.07,3504,-87.39,3608,-87.79,,3643,-87.87,3561,-87.55,3605,-87.7,,3544,-87.8,3604,-88.02,3611,-87.91
4466835,3404,-87.89,3737,-88.6,3543,-88.32,,3460,-88.16,3586,-88.54,3422,-88.13,,3455,-88.29,3392,-88.17,3585,-88.57,,3465,-88.23,3509,-88.51,3369,-88.08,,3843,-89.38,3393,-88.34,3446,-88.4,,3235,-87.7,3404,-88.34,3267,-87.78,,3343,-88.11,3205,-87.43,3299,-87.82,,3330,-87.91,3257,-87.58,3297,-87.73,,3240,-87.85,3294,-88.07,3302,-87.96
5011872,3133,-87.94,3437,-88.67,3260,-88.37,,3182,-88.24,3298,-88.6,3148,-88.19,,3177,-88.34,3120,-88.24,3297,-88.63,,3187,-88.27,3227,-88.57,3099,-88.13,,3530,-89.46,3120,-88.4,3169,-88.45,,2977,-87.76,3130,-88.39,3006,-87.84,,3075,-88.18,2951,-87.48,3036,-87.88,,3064,-87.97,2998,-87.64,3033,-87.79,,2981,-87.91,3030,-88.14,3038,-88.04
5623413,2905,-88.02,3184,-88.78,3022,-88.46,,2949,-88.33,3055,-88.7,2918,-88.29,,2945,-88.43,2893,-88.33,3055,-88.74,,2954,-88.33,2989,-88.65,2874,-88.23,,3268,-89.56,2892,-88.49,2937,-88.55,,2762,-87.85,2902,-88.48,2789,-87.94,,2851,-88.29,2738,-87.56,2816,-87.97,,2842,-88.06,2781,-87.72,2814,-87.88,,2765,-88,2810,-88.25,2817,-88.13
6309573,2725,-88.1,2984,-88.88,2833,-88.54,,2765,-88.42,2863,-88.8,2737,-88.36,,2761,-88.52,2712,-88.42,2863,-88.82,,2770,-88.41,2801,-88.75,2695,-88.33,,3060,-89.68,2712,-88.58,2754,-88.65,,2591,-87.95,2721,-88.57,2616,-88.05,,2674,-88.38,2570,-87.63,2642,-88.05,,2665,-88.15,2610,-87.8,2640,-87.97,,2594,-88.1,2635,-88.34,2642,-88.26
7079457,2593,-88.28,2838,-89.07,2697,-88.7,,2631,-88.58,2723,-88.97,2604,-88.51,,2626,-88.68,2580,-88.58,2723,-89,,2636,-88.55,2664,-88.9,2564,-88.49,,2907,-89.9,2579,-88.75,2619,-88.81,,2466,-88.12,2588,-88.74,2490,-88.24,,2544,-88.55,2448,-87.79,2515,-88.24,,2537,-88.35,2484,-87.96,2513,-88.13,,2468,-88.29,2507,-88.52,2514,-88.43
7943282,2518,-88.52,2754,-89.32,2618,-88.94,,2554,-88.82,2642,-89.22,2527,-88.75,,2549,-88.92,2504,-88.82,2641,-89.25,,2559,-88.78,2585,-89.15,2489,-88.74,,2817,-90.17,2503,-89.01,2542,-89.06,,2395,-88.39,2512,-89,2418,-88.5,,2470,-88.81,2379,-88.03,2443,-88.49,,2462,-88.59,2413,-88.22,2440,-88.4,,2397,-88.55,2434,-88.77,2441,-88.69
8912509,2515,-88.87,2748,-89.71,2614,-89.3,,2551,-89.19,2636,-89.6,2524,-89.09,,2544,-89.28,2499,-89.18,2636,-89.62,,2555,-89.13,2579,-89.52,2485,-89.1,,2808,-90.58,2499,-89.37,2537,-89.43,,2393,-88.76,2507,-89.37,2416,-88.87,,2467,-89.17,2379,-88.41,2441,-88.86,,2460,-88.96,2412,-88.57,2438,-88.75,,2394,-88.91,2431,-89.14,2438,-89.07
1.00E+07,2620,-89.43,2859,-90.3,2721,-89.85,,2654,-89.76,2742,-90.17,2628,-89.65,,2647,-89.84,2601,-89.74,2743,-90.21,,2661,-89.69,2683,-90.09,2587,-89.66,,2917,-91.18,2600,-89.95,2640,-90.01,,2493,-89.33,2610,-89.95,2516,-89.45,,2569,-89.75,2480,-88.98,2543,-89.43,,2560,-89.53,2512,-89.13,2539,-89.32,,2493,-89.48,2531,-89.72,2539,-89.65
