,Red,Green,Blue,W1,Pot1,W2,Pot2,W3,Pot3,Fruit
0,107.0,82.0,63.0,0.0,76.0,0.0,76.0,0.0,76.0,0.0
1,106.0,82.0,63.0,11.5,77.0,32.5,77.0,26.0,77.0,0.0
2,108.0,80.0,62.0,0.0,80.5,0.0,80.5,0.0,80.5,0.0
3,108.0,81.0,63.0,0.0,75.5,0.0,75.5,7.5,75.5,0.0
4,109.0,80.0,62.0,1.0,78.0,15.5,78.0,0.0,78.0,0.0
5,107.0,81.0,63.0,0.0,80.0,35.0,80.0,0.0,80.0,0.0
6,107.0,81.0,63.0,8.0,77.0,4.0,77.0,16.5,77.0,0.0
7,108.0,81.0,62.0,0.0,81.0,0.0,81.0,0.0,81.0,0.0
8,106.0,82.0,63.0,42.0,77.0,0.0,77.0,38.5,77.0,0.0
9,107.0,81.0,63.0,44.0,76.0,73.5,76.0,47.5,76.0,0.0
10,108.0,81.0,63.0,18.0,77.0,0.0,77.0,3.5,77.0,0.0
11,107.0,81.0,63.0,11.0,77.0,11.5,77.0,0.0,77.0,0.0
12,107.0,81.0,63.0,16.0,78.0,0.0,78.0,0.0,78.0,0.0
13,108.0,81.0,62.0,0.0,77.0,12.0,77.0,0.0,77.0,0.0
14,109.0,80.0,62.0,43.5,77.5,15.5,77.5,45.0,77.5,0.0
15,108.0,81.0,62.0,37.0,77.0,16.5,77.0,39.5,77.0,0.0
16,109.0,80.0,62.0,0.0,78.0,13.5,78.0,0.0,78.0,0.0
17,108.0,80.0,62.0,1.0,78.0,0.0,78.0,6.0,78.0,0.0
18,107.0,81.0,63.0,9.0,80.0,0.0,80.0,0.0,80.0,0.0
19,107.0,81.0,63.0,0.0,78.0,0.0,78.0,0.0,78.0,0.0
20,106.0,82.0,63.0,52.5,75.5,69.5,75.5,42.5,75.5,0.0
21,112.0,79.0,61.0,6.0,78.0,38.0,78.0,0.0,78.0,0.0
22,107.0,81.0,63.0,18.0,78.0,31.0,78.0,13.5,78.0,0.0
23,109.0,80.0,62.0,0.0,79.0,0.0,79.0,22.5,79.0,0.0
24,107.0,81.0,62.0,16.0,78.0,0.0,78.0,0.0,78.0,0.0
25,109.0,80.0,62.0,0.0,77.5,0.0,77.5,6.0,77.5,0.0
26,106.0,82.0,63.0,22.0,75.5,29.5,75.5,0.0,75.5,0.0
27,110.0,80.0,61.0,26.5,76.0,17.5,76.0,24.5,76.0,0.0
28,107.0,81.0,63.0,24.0,75.5,16.5,75.5,0.0,75.5,0.0
29,110.0,80.0,61.0,45.5,78.0,7.5,78.0,36.5,78.0,0.0
30,108.0,81.0,62.0,2.0,78.0,0.0,78.0,14.5,78.0,0.0
31,107.0,81.0,62.0,43.0,77.0,4.0,77.0,30.5,77.0,0.0
32,109.0,80.0,62.0,38.5,76.0,40.5,76.0,26.5,76.0,0.0
33,108.0,81.0,62.0,0.0,78.0,6.5,78.0,0.0,78.0,0.0
0,92.0,84.0,75.0,193.5,198.0,151.0,198.0,77.0,198.0,1.0
1,95.0,86.0,72.0,291.0,244.0,111.0,244.0,161.5,244.0,1.0
2,92.0,84.0,75.0,195.5,229.0,74.5,229.0,63.0,229.0,1.0
3,92.0,84.0,76.0,196.0,268.5,144.5,268.5,66.5,268.5,1.0
4,92.0,84.0,75.0,141.5,152.5,214.0,152.5,58.0,152.5,1.0
5,92.0,84.0,75.0,198.5,152.0,143.0,152.0,77.0,152.0,1.0
6,93.0,83.0,76.0,220.5,232.5,83.0,232.5,107.5,232.5,1.0
7,95.0,85.0,72.0,276.5,197.0,112.5,197.0,155.0,197.0,1.0
8,92.0,83.0,76.0,258.5,181.0,110.0,181.0,55.0,181.0,1.0
9,92.0,84.0,75.0,187.5,283.0,87.5,283.0,61.5,283.0,1.0
10,92.0,84.0,75.0,178.5,286.0,86.0,286.0,60.0,286.0,1.0
11,92.0,84.0,75.0,173.0,265.0,180.0,265.0,64.0,265.0,1.0
12,92.0,84.0,75.0,204.0,262.5,138.0,262.5,80.0,262.5,1.0
13,91.0,84.0,75.0,185.5,285.0,93.0,285.0,53.5,285.0,1.0
14,95.0,86.0,72.0,248.5,243.0,144.0,243.0,140.5,243.0,1.0
15,92.0,84.0,75.0,198.0,226.0,141.5,226.0,82.5,226.0,1.0
16,92.0,84.0,75.0,193.0,256.5,76.0,256.5,73.0,256.5,1.0
17,92.0,84.0,76.0,258.5,189.0,113.0,189.0,49.5,189.0,1.0
18,92.0,84.0,76.0,172.5,152.5,173.0,152.5,82.5,152.5,1.0
19,92.0,84.0,76.0,152.0,284.5,92.0,284.5,69.0,284.5,1.0
20,91.0,84.0,76.0,258.0,153.5,127.5,153.5,43.5,153.5,1.0
21,92.0,84.0,76.0,192.0,218.0,77.5,218.0,63.0,218.0,1.0
22,92.0,84.0,75.0,147.5,192.5,176.5,192.5,69.5,192.5,1.0
23,92.0,84.0,75.0,196.0,153.0,66.5,153.0,57.5,153.0,1.0
24,92.0,83.0,76.0,238.5,209.0,100.5,209.0,72.0,209.0,1.0
25,92.0,84.0,75.0,189.5,270.5,131.0,270.5,68.0,270.5,1.0
26,95.0,85.0,72.0,229.5,244.0,178.0,244.0,129.0,244.0,1.0
27,92.0,84.0,75.0,197.0,242.5,137.5,242.5,78.5,242.5,1.0
28,92.0,84.0,76.0,171.5,150.5,135.0,150.5,87.5,150.5,1.0
29,94.0,86.0,72.0,215.0,241.5,182.0,241.5,129.0,241.5,1.0
30,92.0,84.0,75.0,182.0,152.0,157.0,152.0,63.5,152.0,1.0
31,95.0,85.0,72.0,264.5,246.0,127.0,246.0,145.0,246.0,1.0
32,92.0,84.0,75.0,202.0,271.5,146.5,271.5,67.0,271.5,1.0
33,92.0,84.0,76.0,211.5,204.5,136.5,204.5,77.0,204.5,1.0
34,92.0,84.0,75.0,197.0,269.0,139.0,269.0,74.5,269.0,1.0
35,92.0,84.0,76.0,242.0,225.5,126.5,225.5,54.0,225.5,1.0
36,92.0,84.0,75.0,209.0,151.5,135.5,151.5,71.5,151.5,1.0
37,95.0,85.0,72.0,271.5,190.5,108.5,190.5,151.5,190.5,1.0
38,92.0,83.0,76.0,237.5,151.0,105.0,151.0,80.5,151.0,1.0
39,92.0,84.0,75.0,183.0,151.5,68.5,151.5,71.0,151.5,1.0
40,92.0,84.0,76.0,196.5,271.0,150.5,271.0,75.0,271.0,1.0
41,92.0,84.0,76.0,193.0,152.5,138.0,152.5,70.5,152.5,1.0
42,95.0,85.0,72.0,263.0,244.5,115.0,244.5,162.0,244.5,1.0
43,92.0,84.0,75.0,183.5,264.0,148.5,264.0,71.5,264.0,1.0
44,95.0,86.0,72.0,263.0,242.5,118.0,242.5,149.0,242.5,1.0
45,92.0,84.0,75.0,195.0,284.0,83.5,284.0,69.0,284.0,1.0
46,95.0,85.0,72.0,178.5,219.0,223.5,219.0,117.5,219.0,1.0
47,93.0,83.0,76.0,231.0,232.5,90.0,232.5,111.0,232.5,1.0
48,92.0,84.0,76.0,149.5,270.0,166.5,270.0,85.5,270.0,1.0
49,92.0,83.0,76.0,209.5,231.0,121.5,231.0,84.0,231.0,1.0
50,92.0,84.0,75.0,200.0,212.0,132.5,212.0,71.5,212.0,1.0
0,108.5,76.0,64.0,314.0,229.0,115.5,229.0,169.0,229.0,2.0
1,120.0,72.0,61.0,225.0,208.0,244.5,208.0,77.5,208.0,2.0
2,108.0,79.0,64.0,251.0,223.5,326.0,223.5,91.5,223.5,2.0
3,121.0,72.0,61.0,294.5,151.0,214.5,151.0,130.5,151.0,2.0
4,111.0,77.0,63.0,266.0,260.0,369.0,260.0,94.5,260.0,2.0
5,108.0,78.0,63.0,256.5,262.0,297.5,262.0,126.0,262.0,2.0
6,112.0,76.0,64.0,311.5,229.5,358.5,229.5,140.5,229.5,2.0
7,121.0,72.0,61.0,295.5,217.0,224.5,217.0,102.5,217.0,2.0
8,107.0,79.0,64.0,295.5,209.0,304.5,209.0,85.5,209.0,2.0
9,110.0,77.0,63.0,260.0,259.0,382.0,259.0,160.0,259.0,2.0
10,114.0,76.0,62.0,182.0,263.0,332.5,263.0,103.5,263.0,2.0
11,112.0,77.0,62.0,132.5,262.0,308.5,262.0,161.5,262.0,2.0
12,112.0,76.0,64.0,319.5,232.5,128.0,232.5,113.0,232.5,2.0
13,117.0,74.0,61.0,298.0,229.0,166.0,229.0,84.5,229.0,2.0
14,121.0,72.0,61.0,259.5,194.0,224.5,194.0,83.5,194.0,2.0
15,114.0,75.0,62.0,180.0,262.5,312.5,262.5,119.5,262.5,2.0
16,110.0,77.0,64.0,311.0,225.5,110.0,225.5,151.5,225.5,2.0
17,121.0,72.0,61.0,226.5,150.5,222.5,150.5,104.0,150.5,2.0
18,110.0,78.0,63.0,214.0,256.0,264.0,256.0,172.0,256.0,2.0
19,117.0,74.0,61.0,223.5,151.0,175.5,151.0,82.0,151.0,2.0
20,114.0,76.0,62.0,201.5,148.0,265.5,148.0,117.0,148.0,2.0
21,112.0,77.0,63.0,182.5,261.0,337.0,261.0,184.0,261.0,2.0
22,120.0,72.0,61.0,309.0,219.0,235.0,219.0,82.5,219.0,2.0
23,108.0,76.0,64.0,287.5,227.0,90.0,227.0,202.5,227.0,2.0
24,121.0,72.0,61.0,289.0,150.0,234.5,150.0,111.5,150.0,2.0
25,108.0,79.0,64.0,264.0,260.0,330.5,260.0,84.5,260.0,2.0
26,120.0,72.0,61.0,277.0,182.0,223.5,182.0,91.5,182.0,2.0
27,111.0,77.0,63.0,308.0,231.0,140.5,231.0,156.5,231.0,2.0
28,117.0,74.0,62.0,143.5,230.5,244.5,230.5,118.0,230.5,2.0
29,108.0,76.0,65.0,284.0,211.5,113.5,211.5,163.5,211.5,2.0
30,114.0,75.0,62.0,114.0,261.0,347.0,261.0,177.5,261.0,2.0
31,109.0,75.0,64.0,277.0,230.0,87.0,230.0,228.0,230.0,2.0
32,114.0,75.0,62.0,222.5,264.0,281.0,264.0,122.0,264.0,2.0
33,119.0,73.0,61.0,256.5,211.5,327.5,211.5,122.5,211.5,2.0
34,120.0,72.0,61.0,267.0,215.5,209.5,215.5,98.5,215.5,2.0
35,117.0,74.0,61.0,176.0,189.5,145.5,189.5,154.5,189.5,2.0
36,111.0,77.0,64.0,264.5,190.0,193.5,190.0,95.5,190.0,2.0
37,116.0,75.0,62.0,221.5,148.0,203.5,148.0,75.0,148.0,2.0
38,109.0,76.0,64.0,330.5,190.5,149.0,190.5,157.0,190.5,2.0
39,112.0,76.0,63.0,205.5,228.0,257.5,228.0,112.0,228.0,2.0
40,109.0,75.0,64.0,305.0,221.5,168.0,221.5,144.5,221.5,2.0
41,114.0,75.0,62.0,173.5,263.0,316.0,263.0,136.5,263.0,2.0
42,116.0,74.0,62.0,235.0,226.5,184.5,226.5,139.0,226.5,2.0
43,110.0,78.0,63.0,265.0,258.0,229.0,258.0,80.0,258.0,2.0
44,116.0,75.0,62.0,226.5,202.5,161.5,202.5,110.0,202.5,2.0
45,107.0,76.0,65.0,288.5,191.5,136.5,191.5,119.5,191.5,2.0
46,109.0,78.0,63.0,291.0,264.5,197.5,264.5,101.0,264.5,2.0
47,116.0,75.0,62.0,268.0,186.5,100.0,186.5,100.0,186.5,2.0
48,111.0,77.0,64.0,303.5,228.0,119.5,228.0,121.5,228.0,2.0
49,115.0,75.0,62.0,173.5,262.5,301.0,262.5,156.0,262.5,2.0
50,111.0,77.0,64.0,316.0,147.5,125.0,147.5,103.0,147.5,2.0
51,110.0,78.0,63.0,240.0,256.5,202.5,256.5,154.5,256.5,2.0
52,114.0,75.0,62.0,205.0,263.0,274.0,263.0,133.5,263.0,2.0
53,116.0,75.0,62.0,227.0,149.0,76.5,149.0,171.0,149.0,2.0
54,112.0,77.0,64.0,311.5,204.0,390.0,204.0,115.0,204.0,2.0
55,108.0,78.0,64.0,318.5,219.0,139.0,219.0,85.0,219.0,2.0
56,111.0,77.0,64.0,324.0,232.0,125.0,232.0,170.0,232.0,2.0
57,114.0,75.0,62.0,178.0,263.0,298.0,263.0,117.0,263.0,2.0
58,108.0,79.0,63.0,243.5,220.5,201.5,220.5,139.5,220.5,2.0
59,107.0,79.0,64.0,229.5,265.0,273.0,265.0,59.5,265.0,2.0
60,111.0,77.0,63.0,308.5,256.0,335.0,256.0,110.0,256.0,2.0
61,111.0,76.0,63.0,143.5,229.0,222.5,229.0,120.0,229.0,2.0
62,111.0,77.0,64.0,304.0,231.0,139.0,231.0,146.0,231.0,2.0
63,114.0,75.0,62.0,263.5,263.0,259.5,263.0,128.0,263.0,2.0
64,111.0,77.0,63.0,267.0,263.5,187.0,263.5,115.5,263.5,2.0
65,111.0,78.0,63.0,274.0,257.0,281.0,257.0,142.5,257.0,2.0
66,107.0,80.0,64.0,300.0,260.0,330.0,260.0,107.0,260.0,2.0
67,115.0,75.0,62.0,213.5,148.0,210.5,148.0,74.0,148.0,2.0
68,112.0,77.0,63.0,228.5,251.5,364.0,251.5,163.5,251.5,2.0
69,107.0,76.0,64.0,201.0,232.0,168.0,232.0,110.0,232.0,2.0
70,120.0,72.0,61.0,220.5,213.0,257.0,213.0,71.5,213.0,2.0
71,115.0,75.0,62.0,204.0,220.0,210.0,220.0,79.5,220.0,2.0
72,108.0,76.0,64.0,278.5,231.5,57.0,231.5,269.5,231.5,2.0
73,115.0,75.0,62.0,239.0,170.5,203.0,170.5,75.0,170.5,2.0
74,111.0,77.0,63.0,285.0,245.5,337.5,245.5,98.5,245.5,2.0
75,121.0,71.0,61.0,210.0,214.5,229.5,214.5,114.0,214.5,2.0
76,121.0,72.0,61.0,214.5,151.0,257.0,151.0,85.5,151.0,2.0
77,111.0,77.0,64.0,352.5,221.0,375.0,221.0,116.5,221.0,2.0
78,118.0,74.0,61.0,225.5,231.0,157.0,231.0,86.5,231.0,2.0
79,120.0,72.0,61.0,232.5,150.0,220.0,150.0,116.0,150.0,2.0
80,108.0,76.0,64.0,196.0,231.0,324.0,231.0,157.0,231.0,2.0
0,107.0,80.0,63.0,164.5,260.0,388.0,260.0,112.5,260.0,2.0
1,111.0,78.0,63.0,275.5,169.0,151.0,169.0,204.5,169.0,2.0
2,106.0,80.0,64.0,186.5,261.0,343.5,261.0,91.0,261.0,2.0
3,113.0,76.0,62.0,229.0,216.0,106.0,216.0,127.5,216.0,2.0
4,112.0,77.0,62.0,270.5,235.0,205.5,235.0,125.5,235.0,2.0
5,112.0,77.0,62.0,224.0,239.0,117.0,239.0,130.5,239.0,2.0
6,103.0,82.0,65.0,173.5,261.5,335.0,261.5,87.5,261.5,2.0
7,105.0,81.0,64.0,242.0,260.0,131.5,260.0,114.5,260.0,2.0
8,106.0,80.0,63.0,165.5,218.0,347.5,218.0,92.0,218.0,2.0
9,110.0,78.0,63.0,189.0,187.5,267.5,187.5,134.5,187.5,2.0
10,107.0,80.0,63.0,168.0,262.0,341.0,262.0,80.0,262.0,2.0
11,107.0,80.0,63.0,175.0,195.0,330.5,195.0,92.0,195.0,2.0
12,112.0,77.0,62.0,289.5,239.0,208.5,239.0,121.5,239.0,2.0
13,106.0,80.0,63.0,243.0,149.5,160.0,149.5,74.5,149.5,2.0
14,106.0,80.0,63.0,178.0,263.0,343.0,263.0,87.5,263.0,2.0
15,105.0,81.0,64.0,290.0,262.0,184.5,262.0,82.0,262.0,2.0
16,112.0,77.0,62.0,283.5,236.0,138.5,236.0,97.5,236.0,2.0
17,110.0,78.0,63.0,209.0,239.0,265.0,239.0,116.5,239.0,2.0
18,112.0,77.0,62.0,304.5,239.0,192.0,239.0,151.0,239.0,2.0
19,110.0,78.0,63.0,172.0,233.5,161.5,233.5,40.0,233.5,2.0
20,113.0,76.0,62.0,247.0,239.0,97.5,239.0,97.5,239.0,2.0
21,112.0,77.0,62.0,289.0,237.5,186.0,237.5,177.5,237.5,2.0
22,104.0,81.0,64.0,162.5,155.5,342.5,155.5,78.0,155.5,2.0
23,107.0,80.0,63.0,250.5,262.0,183.5,262.0,136.0,262.0,2.0
24,107.0,80.0,63.0,176.5,261.0,326.0,261.0,86.5,261.0,2.0
25,106.0,80.0,63.0,152.5,262.0,395.5,262.0,94.0,262.0,2.0
26,112.0,77.0,62.0,315.5,219.0,187.0,219.0,121.0,219.0,2.0
27,108.0,79.0,63.0,299.0,242.5,183.5,242.5,74.0,242.5,2.0
28,108.0,79.0,63.0,202.0,259.5,366.5,259.5,126.5,259.5,2.0
29,113.0,77.0,62.0,264.0,239.5,248.5,239.5,79.5,239.5,2.0
30,105.0,81.0,64.0,275.5,263.0,203.0,263.0,62.5,263.0,2.0
31,105.0,81.0,64.0,293.5,149.5,189.5,149.5,104.0,149.5,2.0
32,106.0,80.0,63.0,159.0,206.0,343.5,206.0,100.0,206.0,2.0
33,111.0,77.0,62.0,274.0,235.0,262.5,235.0,62.5,235.0,2.0
34,105.0,81.0,64.0,169.5,150.0,359.0,150.0,97.0,150.0,2.0
35,106.0,80.0,64.0,222.0,260.0,184.5,260.0,42.5,260.0,2.0
36,105.0,81.0,64.0,152.5,148.5,356.0,148.5,95.5,148.5,2.0
37,104.0,81.0,64.0,152.5,262.0,422.0,262.0,95.0,262.0,2.0
38,111.0,77.0,62.0,274.5,234.5,256.0,234.5,69.0,234.5,2.0
39,106.0,80.0,64.0,177.5,206.0,329.5,206.0,86.5,206.0,2.0
40,106.0,80.0,63.0,156.5,262.0,349.5,262.0,89.0,262.0,2.0
41,108.0,79.0,63.0,227.5,206.5,232.5,206.5,160.0,206.5,2.0
42,106.0,80.0,63.0,183.0,251.0,100.0,251.0,153.5,251.0,2.0
43,108.0,79.0,63.0,166.5,196.5,341.5,196.5,91.5,196.5,2.0
44,107.0,80.0,63.0,170.0,263.0,337.5,263.0,96.5,263.0,2.0
45,107.0,80.0,63.0,176.0,263.0,281.0,263.0,143.0,263.0,2.0
46,112.0,77.0,62.0,272.0,193.5,132.5,193.5,105.5,193.5,2.0
47,108.0,79.0,63.0,182.5,262.0,338.0,262.0,86.0,262.0,2.0
48,106.0,80.0,63.0,272.5,261.5,169.0,261.5,113.0,261.5,2.0
49,104.0,81.0,64.0,244.0,150.5,178.5,150.5,45.0,150.5,2.0
50,107.0,80.0,63.0,284.0,220.0,165.0,220.0,130.0,220.0,2.0
51,111.0,77.0,62.0,272.5,241.5,193.5,241.5,83.0,241.5,2.0
52,111.0,77.0,62.0,282.0,238.5,220.0,238.5,86.5,238.5,2.0
53,106.0,80.0,63.0,293.5,262.0,165.5,262.0,134.0,262.0,2.0
0,102.0,90.0,57.0,250.5,252.0,256.0,252.0,78.0,252.0,3.0
1,99.0,92.0,59.0,254.0,246.0,462.5,246.0,221.5,246.0,3.0
2,97.0,92.0,60.0,240.5,243.0,491.5,243.0,283.0,243.0,3.0
3,102.0,90.0,57.0,267.0,224.0,215.5,224.0,85.0,224.0,3.0
4,100.0,91.0,58.0,242.5,243.0,297.5,243.0,249.5,243.0,3.0
5,98.0,92.0,59.0,242.0,246.0,482.5,246.0,233.5,246.0,3.0
6,99.0,91.0,59.0,241.5,244.5,405.5,244.5,199.0,244.5,3.0
7,101.0,91.0,57.0,250.0,182.0,345.0,182.0,108.5,182.0,3.0
8,97.0,92.0,60.0,260.0,174.0,446.0,174.0,226.5,174.0,3.0
9,102.0,91.0,57.0,244.0,249.5,245.0,249.5,82.5,249.5,3.0
10,98.0,92.0,59.0,251.0,246.5,424.5,246.5,207.5,246.5,3.0
11,102.0,90.0,57.0,273.5,249.0,214.5,249.0,82.5,249.0,3.0
12,101.0,91.0,57.0,212.5,213.0,283.0,213.0,151.5,213.0,3.0
13,101.0,91.0,57.0,243.0,241.5,343.5,241.5,129.0,241.5,3.0
14,102.0,90.0,57.0,269.5,219.0,228.5,219.0,80.0,219.0,3.0
15,98.0,91.0,59.0,242.5,243.0,449.0,243.0,241.0,243.0,3.0
16,97.0,92.0,60.0,234.0,243.0,487.5,243.0,263.0,243.0,3.0
17,97.0,92.0,59.0,221.0,193.0,543.5,193.0,235.0,193.0,3.0
18,101.0,91.0,57.0,245.5,197.0,294.0,197.0,175.0,197.0,3.0
19,101.0,90.0,58.0,259.0,196.5,335.5,196.5,72.0,196.5,3.0
20,101.0,91.0,57.0,243.0,244.0,315.5,244.0,132.5,244.0,3.0
21,97.0,92.0,60.0,265.0,225.5,465.0,225.5,247.0,225.5,3.0
22,101.0,91.0,58.0,216.5,242.0,334.5,242.0,210.5,242.0,3.0
23,102.0,91.0,57.0,281.0,237.0,240.0,237.0,82.5,237.0,3.0
24,97.0,92.0,60.0,254.0,242.0,343.0,242.0,229.5,242.0,3.0
25,97.0,92.0,60.0,238.0,243.0,504.0,243.0,282.5,243.0,3.0
26,98.0,91.0,59.0,240.0,244.0,467.0,244.0,274.5,244.0,3.0
27,98.0,92.0,59.0,252.5,246.0,437.0,246.0,215.5,246.0,3.0
28,98.0,92.0,59.0,249.0,245.0,472.5,245.0,255.5,245.0,3.0
29,101.0,91.0,58.0,262.5,193.0,326.5,193.0,96.0,193.0,3.0
30,101.0,91.0,58.0,262.5,250.0,225.0,250.0,78.0,250.0,3.0
31,98.0,92.0,59.0,244.5,242.0,482.5,242.0,288.0,242.0,3.0
32,101.0,91.0,57.0,261.0,249.0,235.5,249.0,86.5,249.0,3.0
33,98.0,92.0,59.0,240.0,247.0,471.0,247.0,205.0,247.0,3.0
34,98.0,92.0,59.0,269.5,246.0,453.5,246.0,243.0,246.0,3.0
35,101.0,91.0,58.0,225.0,249.5,258.5,249.5,62.0,249.5,3.0
36,101.0,91.0,58.0,235.5,241.5,287.0,241.5,203.0,241.5,3.0
37,97.0,92.0,59.0,242.0,244.0,486.0,244.0,256.0,244.0,3.0
38,102.0,90.0,57.0,260.0,248.5,233.0,248.5,89.0,248.5,3.0
39,98.0,92.0,59.0,248.5,243.0,458.0,243.0,294.5,243.0,3.0
0,111.0,76.0,63.0,304.5,157.0,241.5,157.0,39.0,157.0,4.0
1,113.0,77.0,61.0,297.5,202.5,258.0,202.5,172.5,202.5,4.0
2,116.0,75.0,61.0,357.5,246.0,35.5,246.0,115.5,246.0,4.0
3,117.0,74.0,61.0,428.0,255.5,84.5,255.5,122.0,255.5,4.0
4,112.0,76.0,63.0,299.0,204.5,239.0,204.5,34.0,204.5,4.0
5,130.0,68.0,56.0,112.5,227.5,164.0,227.5,86.5,227.5,4.0
6,113.0,75.0,62.0,218.0,153.0,215.5,153.0,74.0,153.0,4.0
7,114.0,76.0,61.0,316.0,169.5,214.5,169.5,198.0,169.5,4.0
8,110.0,74.0,62.0,439.5,251.5,181.0,251.5,98.5,251.5,4.0
9,117.0,74.0,61.0,421.5,251.0,104.0,251.0,123.0,251.0,4.0
10,130.0,68.0,56.0,117.0,232.0,167.0,232.0,94.0,232.0,4.0
11,113.0,77.0,61.0,299.5,180.0,218.5,180.0,157.5,180.0,4.0
12,128.0,69.0,57.0,88.5,293.0,183.5,293.0,78.0,293.0,4.0
13,112.0,73.0,62.0,346.5,251.0,121.5,251.0,196.5,251.0,4.0
14,128.0,69.0,57.0,89.0,279.0,188.0,279.0,82.0,279.0,4.0
15,133.0,67.0,54.0,72.5,287.0,166.0,287.0,108.5,287.0,4.0
16,127.0,69.0,57.0,127.0,272.0,150.5,272.0,99.0,272.0,4.0
17,111.0,76.0,63.0,314.5,156.0,211.0,156.0,47.0,156.0,4.0
18,130.0,68.0,57.0,97.0,249.5,188.0,249.5,96.5,249.5,4.0
19,113.0,76.0,63.0,222.5,252.0,252.0,252.0,72.0,252.0,4.0
20,110.0,74.0,62.0,350.0,254.0,240.0,254.0,117.5,254.0,4.0
21,123.0,71.0,59.0,374.0,216.0,229.5,216.0,184.5,216.0,4.0
22,115.0,75.0,61.0,442.5,249.0,50.0,249.0,118.5,249.0,4.0
23,117.0,74.0,61.0,351.5,251.0,135.5,251.0,136.5,251.0,4.0
24,112.0,76.0,63.0,255.5,198.0,210.0,198.0,38.5,198.0,4.0
25,110.0,78.0,62.0,325.5,154.0,182.0,154.0,149.5,154.0,4.0
26,111.0,76.0,63.0,326.5,205.0,232.0,205.0,43.5,205.0,4.0
27,118.0,73.0,60.0,342.0,152.0,130.5,152.0,190.0,152.0,4.0
28,113.0,75.0,63.0,238.5,194.5,237.5,194.5,33.5,194.5,4.0
29,112.0,73.0,62.0,344.0,251.0,113.0,251.0,193.5,251.0,4.0
30,130.0,68.0,56.0,115.0,294.0,148.5,294.0,85.0,294.0,4.0
31,129.0,68.0,57.0,155.0,228.5,134.5,228.5,86.0,228.5,4.0
32,113.0,77.0,61.0,307.5,210.5,206.5,210.5,191.5,210.5,4.0
33,120.0,73.0,60.0,302.5,215.0,157.0,215.0,224.5,215.0,4.0
34,116.0,75.0,61.0,395.0,251.0,46.5,251.0,254.0,251.0,4.0
35,111.0,76.0,63.0,304.0,250.5,217.5,250.5,48.5,250.5,4.0
36,118.0,73.0,60.0,375.0,207.5,201.0,207.5,133.5,207.5,4.0
37,113.0,77.0,61.0,352.0,216.5,230.0,216.5,175.0,216.5,4.0
38,116.0,74.0,62.0,398.5,217.0,186.5,217.0,116.5,217.0,4.0
39,129.0,69.0,56.0,92.0,287.0,195.0,287.0,64.5,287.0,4.0
40,111.0,76.0,63.0,271.0,243.0,217.5,243.0,51.5,243.0,4.0
41,110.0,77.0,64.0,278.5,261.0,225.5,261.0,46.5,261.0,4.0
42,112.0,73.0,61.0,392.5,252.0,112.5,252.0,159.5,252.0,4.0
43,132.0,67.0,55.0,73.5,169.0,176.5,169.0,99.0,169.0,4.0
44,113.0,77.0,61.0,308.5,214.0,203.0,214.0,203.5,214.0,4.0
45,115.5,76.0,60.0,291.0,170.0,224.5,170.0,158.5,170.0,4.0
46,111.0,74.0,62.0,363.0,224.5,219.5,224.5,143.0,224.5,4.0
47,121.0,72.0,59.0,379.0,215.5,188.0,215.5,168.5,215.5,4.0
48,130.0,68.0,56.0,113.5,295.0,162.0,295.0,105.0,295.0,4.0
49,111.0,76.0,63.0,311.5,259.0,219.5,259.0,15.0,259.0,4.0
50,131.5,67.5,55.0,74.0,169.0,192.0,169.0,84.0,169.0,4.0
51,111.0,76.0,63.0,297.5,257.5,203.0,257.5,44.0,257.5,4.0
52,112.0,73.0,61.0,401.5,252.0,202.0,252.0,261.0,252.0,4.0
53,116.0,74.0,61.0,309.0,188.0,238.5,188.0,144.5,188.0,4.0
54,122.0,71.0,59.0,377.5,216.5,208.0,216.5,188.0,216.5,4.0
55,123.0,71.0,59.0,123.5,171.0,114.0,171.0,58.5,171.0,4.0
56,113.0,76.0,63.0,275.5,259.0,268.0,259.0,16.5,259.0,4.0
57,131.0,68.0,55.0,88.0,287.0,204.5,287.0,64.5,287.0,4.0
58,112.0,73.0,62.0,353.0,203.5,113.5,203.5,187.0,203.5,4.0
59,113.0,77.0,61.0,328.5,214.5,184.5,214.5,193.5,214.5,4.0
60,113.0,75.0,63.0,251.0,261.5,237.5,261.5,42.0,261.5,4.0
61,133.0,67.0,54.0,86.0,258.0,153.5,258.0,94.0,258.0,4.0
62,122.0,72.0,59.0,392.0,216.0,209.5,216.0,157.5,216.0,4.0
63,112.0,73.0,62.0,350.5,253.0,111.0,253.0,187.0,253.0,4.0
64,120.0,72.0,60.0,325.0,225.0,231.5,225.0,104.5,225.0,4.0
65,118.0,73.0,60.0,351.5,227.5,134.0,227.5,103.0,227.5,4.0
66,113.0,75.0,63.0,222.0,259.0,207.5,259.0,50.0,259.0,4.0
67,117.0,74.0,60.0,291.5,199.5,135.5,199.5,115.0,199.5,4.0
68,109.0,77.0,64.0,298.0,203.0,199.5,203.0,25.0,203.0,4.0
69,130.0,68.0,55.0,117.0,288.0,116.0,288.0,107.5,288.0,4.0
70,113.0,77.0,61.0,305.0,211.5,190.5,211.5,196.5,211.5,4.0
71,113.0,77.0,61.0,308.0,211.5,228.0,211.5,164.0,211.5,4.0
72,122.0,71.5,59.0,394.5,216.5,213.0,216.5,153.0,216.5,4.0
73,117.0,74.0,61.0,394.0,253.0,275.5,253.0,298.0,253.0,4.0
74,105.0,76.0,64.0,464.5,253.0,64.5,253.0,68.5,253.0,4.0
75,113.0,75.0,63.0,252.5,152.0,224.0,152.0,57.0,152.0,4.0
76,119.0,73.0,60.0,365.0,175.0,151.0,175.0,169.0,175.0,4.0
77,131.5,67.5,55.0,65.5,290.0,171.0,290.0,91.0,290.0,4.0
78,110.0,77.0,64.0,183.0,258.5,219.0,258.5,30.5,258.5,4.0
79,108.0,78.0,64.0,306.5,259.5,226.5,259.5,31.5,259.5,4.0
80,113.0,75.0,63.0,271.0,262.0,232.0,262.0,52.0,262.0,4.0
81,119.0,73.0,60.0,362.5,222.0,194.5,222.0,177.0,222.0,4.0
82,133.0,67.0,54.0,88.0,167.0,209.0,167.0,83.5,167.0,4.0
83,114.0,77.0,61.0,297.0,216.0,238.5,216.0,182.5,216.0,4.0
84,116.0,75.0,61.0,351.5,198.5,93.0,198.5,99.5,198.5,4.0
85,112.0,73.0,61.0,363.5,252.0,115.0,252.0,186.0,252.0,4.0
86,110.0,78.0,62.0,291.0,223.0,166.0,223.0,155.0,223.0,4.0
87,122.5,71.0,59.0,393.0,217.0,202.5,217.0,169.0,217.0,4.0
88,112.0,73.0,61.0,352.0,251.0,111.5,251.0,186.0,251.0,4.0
89,131.0,68.0,55.0,69.5,168.0,184.5,168.0,99.0,168.0,4.0
90,131.0,68.0,55.0,68.5,229.0,178.0,229.0,93.0,229.0,4.0
91,107.5,78.0,65.0,313.0,261.5,214.5,261.5,16.5,261.5,4.0
92,111.0,73.0,62.0,321.0,252.0,176.0,252.0,231.5,252.0,4.0
93,122.0,71.0,59.0,369.5,216.5,184.5,216.5,217.5,216.5,4.0
94,110.0,77.0,64.0,282.5,260.0,199.5,260.0,26.0,260.0,4.0
0,107.0,78.0,64.0,104.5,192.5,59.0,192.5,30.0,192.5,5.0
1,114.0,75.0,62.0,262.0,255.0,42.5,255.0,64.0,255.0,5.0
2,104.0,81.0,65.0,59.0,251.0,91.5,251.0,76.5,251.0,5.0
3,110.0,77.0,63.0,120.0,168.0,71.5,168.0,55.0,168.0,5.0
4,107.0,78.0,64.0,84.0,169.0,32.0,169.0,47.0,169.0,5.0
5,107.0,78.0,64.0,68.0,169.0,13.5,169.0,35.5,169.0,5.0
6,110.0,77.0,63.0,128.5,168.0,77.0,168.0,45.5,168.0,5.0
7,111.0,78.0,63.0,201.5,261.0,81.0,261.0,63.0,261.0,5.0
8,106.0,78.0,65.0,82.5,169.5,24.5,169.5,24.0,169.5,5.0
9,110.0,77.0,64.0,196.0,192.5,63.5,192.5,233.0,192.5,5.0
10,104.0,81.0,65.0,70.5,252.0,89.0,252.0,68.0,252.0,5.0
11,111.0,78.0,63.0,181.0,255.0,113.5,255.0,67.5,255.0,5.0
12,111.0,78.0,63.0,172.5,254.5,114.5,254.5,69.0,254.5,5.0
13,111.0,76.0,64.0,172.5,228.5,68.5,228.5,200.5,228.5,5.0
14,110.0,77.0,63.0,136.0,168.0,72.5,168.0,41.0,168.0,5.0
15,112.0,76.0,63.0,258.0,277.5,99.0,277.5,69.0,277.5,5.0
16,118.0,76.0,64.0,211.0,253.0,87.5,253.0,74.5,253.0,5.0
17,110.0,77.0,64.0,187.5,193.0,59.5,193.0,208.0,193.0,5.0
18,114.0,75.0,63.0,233.5,286.0,49.5,286.0,59.0,286.0,5.0
19,111.0,78.0,63.0,169.5,255.5,111.5,255.5,75.0,255.5,5.0
20,103.0,82.0,65.0,107.5,152.0,114.0,152.0,77.0,152.0,5.0
21,113.0,76.0,63.0,190.0,281.0,85.5,281.0,45.0,281.0,5.0
22,109.0,77.0,64.0,161.0,193.0,74.5,193.0,52.0,193.0,5.0
23,111.0,78.0,63.0,181.0,201.0,110.5,201.0,67.0,201.0,5.0
24,111.0,76.0,63.0,244.0,156.0,94.0,156.0,50.5,156.0,5.0
25,107.0,78.0,64.0,70.5,168.0,10.5,168.0,31.0,168.0,5.0
26,107.0,78.0,64.0,79.0,168.0,29.0,168.0,22.5,168.0,5.0
27,110.0,77.0,64.0,219.5,156.5,59.0,156.5,238.0,156.5,5.0
28,111.0,78.0,63.0,171.5,252.0,122.5,252.0,73.5,252.0,5.0
29,106.0,79.0,65.0,99.0,169.5,29.5,169.5,13.5,169.5,5.0
30,107.0,78.0,64.0,72.5,169.0,41.5,169.0,31.5,169.0,5.0
31,108.0,78.0,64.0,105.0,264.5,55.5,264.5,48.0,264.5,5.0
32,109.0,77.0,64.0,261.5,283.5,57.5,283.5,28.5,283.5,5.0
33,112.0,76.0,64.0,239.5,273.5,64.5,273.5,66.5,273.5,5.0
34,111.0,78.0,63.0,169.0,257.0,125.0,257.0,70.0,257.0,5.0
35,112.0,76.0,63.0,210.0,270.0,112.0,270.0,40.0,270.0,5.0
36,111.0,76.0,63.0,154.0,156.0,117.5,156.0,117.0,156.0,5.0
37,110.0,77.0,63.0,132.0,169.0,75.5,169.0,56.5,169.0,5.0
38,111.0,77.0,64.0,256.5,152.0,63.5,152.0,54.0,152.0,5.0
39,110.0,77.0,64.0,220.0,230.5,68.0,230.5,234.0,230.5,5.0
40,113.0,76.0,63.0,216.5,272.5,104.5,272.5,60.0,272.5,5.0
41,111.0,76.0,63.0,175.5,204.5,79.5,204.5,153.5,204.5,5.0
42,106.0,79.0,65.0,74.5,169.0,19.0,169.0,35.5,169.0,5.0
43,105.0,80.0,64.0,104.5,202.5,47.0,202.5,93.5,202.5,5.0
44,113.0,78.0,65.0,257.0,252.0,44.0,252.0,97.0,252.0,5.0
45,110.0,77.0,64.0,195.0,226.5,87.5,226.5,70.5,226.5,5.0
46,109.0,78.0,64.0,113.5,168.5,60.5,168.5,40.0,168.5,5.0
47,111.0,76.0,63.0,219.5,218.5,59.0,218.5,249.0,218.5,5.0
48,103.0,81.0,65.0,45.5,233.5,108.0,233.5,76.5,233.5,5.0
49,110.0,77.0,64.0,200.0,207.0,91.5,207.0,217.5,207.0,5.0
50,110.0,77.0,64.0,235.5,232.5,24.0,232.5,259.5,232.5,5.0
51,111.0,77.0,64.0,257.5,252.0,59.5,252.0,59.0,252.0,5.0
52,113.0,78.0,65.0,286.0,252.0,51.5,252.0,92.0,252.0,5.0
53,110.0,78.0,64.0,171.5,260.0,77.5,260.0,49.5,260.0,5.0
54,111.0,78.0,63.0,170.5,258.0,125.5,258.0,76.5,258.0,5.0
55,110.0,77.0,63.0,138.0,168.0,99.0,168.0,46.5,168.0,5.0
56,103.0,81.0,65.0,51.5,249.0,93.0,249.0,75.5,249.0,5.0
57,108.0,78.0,64.0,137.0,168.5,67.5,168.5,24.0,168.5,5.0
58,105.0,79.0,66.0,273.5,152.5,46.0,152.5,33.5,152.5,5.0
59,109.0,77.0,64.0,267.5,153.0,58.0,153.0,45.0,153.0,5.0
60,106.0,79.0,65.0,71.5,168.5,32.0,168.5,37.0,168.5,5.0
61,111.0,77.0,63.0,192.0,255.0,124.0,255.0,68.0,255.0,5.0
62,104.0,81.0,65.0,133.5,152.5,20.0,152.5,77.5,152.5,5.0
63,111.0,76.0,64.0,194.5,191.5,94.0,191.5,197.0,191.5,5.0
64,108.0,78.0,64.0,92.0,168.0,43.5,168.0,51.0,168.0,5.0
65,110.0,77.0,63.0,134.5,198.0,78.0,198.0,63.0,198.0,5.0
66,102.0,82.0,65.0,88.0,245.0,132.0,245.0,148.5,245.0,5.0
67,108.0,78.0,64.0,103.0,168.0,43.5,168.0,45.5,168.0,5.0
68,107.0,78.0,64.0,59.0,169.0,43.5,169.0,48.0,169.0,5.0
69,109.0,78.0,64.0,111.0,170.0,88.0,170.0,46.0,170.0,5.0
70,104.0,81.0,64.0,64.5,154.5,69.0,154.5,63.0,154.5,5.0
71,103.0,82.0,65.0,58.0,153.0,80.0,153.0,79.0,153.0,5.0
72,108.0,78.0,64.0,94.5,169.0,49.5,169.0,47.5,169.0,5.0
73,107.0,78.0,64.0,77.0,169.0,16.0,169.0,40.5,169.0,5.0
74,111.0,78.0,63.0,170.5,147.5,132.0,147.5,73.5,147.5,5.0
75,111.0,76.0,63.0,114.5,169.0,98.0,169.0,44.5,169.0,5.0
76,108.0,78.0,64.0,97.5,168.5,66.0,168.5,46.5,168.5,5.0
77,108.0,78.0,64.0,70.0,210.0,47.5,210.0,59.0,210.0,5.0
78,111.0,76.0,64.0,219.0,276.0,126.0,276.0,46.0,276.0,5.0
79,111.0,77.0,63.0,127.5,168.5,87.5,168.5,52.5,168.5,5.0
80,111.0,78.0,63.0,176.5,256.5,121.0,256.5,71.0,256.5,5.0
81,110.0,77.0,63.0,141.0,168.5,74.0,168.5,29.5,168.5,5.0
